Start Date,End Date
05-Jan-2016,25-Jan-2016
28-Apr-2016,22-May-2016
30-Aug-2016,22-Sep-2016
19-Dec-2016,08-Jan-2017
09-Apr-2017,03-May-2017
12-Aug-2017,05-Sep-2017
03-Dec-2017,22-Dec-2017
22-Mar-2018,15-Apr-2018
26-Jul-2018,18-Aug-2018
16-Nov-2018,06-Dec-2018
05-Mar-2019,28-Mar-2019
07-Jul-2019,31-Jul-2019
31-Oct-2019,20-Nov-2019
16-Feb-2020,09-Mar-2020
17-Jun-2020,12-Jul-2020
13-Oct-2020,03-Nov-2020
30-Jan-2021,20-Feb-2021
29-May-2021,22-Jun-2021
27-Sep-2021,18-Oct-2021
14-Jan-2022,03-Feb-2022
10-May-2022,03-Jun-2022
09-Sep-2022,02-Oct-2022
29-Dec-2022,18-Jan-2023
21-Apr-2023,14-May-2023
23-Aug-2023,15-Sep-2023
13-Dec-2023,01-Jan-2024
01-Apr-2024,25-Apr-2024
04-Aug-2024,28-Aug-2024
25-Nov-2024,15-Dec-2024
14-Mar-2025,07-Apr-2025
17-Jul-2025,11-Aug-2025
09-Nov-2025,29-Nov-2025
25-Feb-2026,20-Mar-2026
29-Jun-2026,23-Jul-2026
24-Oct-2026,13-Nov-2026
09-Feb-2027,03-Mar-2027
10-Jun-2027,04-Jul-2027
07-Oct-2027,28-Oct-2027
24-Jan-2028,14-Feb-2028
21-May-2028,13-Jun-2028
19-Sep-2028,11-Oct-2028
07-Jan-2029,27-Jan-2029
01-May-2029,25-May-2029
02-Sep-2029,24-Sep-2029
21-Dec-2029,10-Jan-2030
12-Apr-2030,06-May-2030
15-Aug-2030,08-Sep-2030
05-Dec-2030,25-Dec-2030